<?xml version="1.0" encoding="utf-8"?>
<templates id="template" xml:space="preserve">
    <t t-extend="PosTicket">
        <t t-jquery=".receipt-phone" t-operation="after">
            <table>
                <t t-foreach="widget.gui.pos.db.eet_details" t-as="eet_key">
                    <t t-if="eet_key === order.name">
                        <t t-foreach="eet_key_value" t-as="data_key">
                            <t t-if="data_key === 'vat'">
                                <t t-foreach="data_key_value" t-as="vat">
                                    <t t-if="vat">
                                        <tr>
                                            <td>
                                                Tax ID: <t t-esc="vat"/>
                                            </td>
                                        </tr>
                                    </t>
                                </t>
                            </t>
                            <t t-if="data_key === 'auth_vat'">
                                <t t-foreach="data_key_value" t-as="auth_vat">
                                    <t t-if="auth_vat">
                                        <tr>
                                            <td>
                                                Appointing Taxpayer Tax ID: <t t-esc="auth_vat"/>
                                            </td>
                                        </tr>
                                    </t>
                                </t>
                            </t>
                            <t t-if="data_key === 'estd_reg_no'">
                                <t t-foreach="data_key_value" t-as="estd_reg_no">
                                    <t t-if="estd_reg_no">
                                        <tr>
                                            <td>
                                                Premises ID: <t t-esc="estd_reg_no"/>
                                            </td>
                                        </tr>
                                    </t>
                                </t>
                            </t>
                        </t>
                    </t>
                </t>
            </table>
        </t>
        <t t-jquery=".receipt-change" t-operation="after">
            <table>
                <t t-foreach="widget.gui.pos.db.eet_details" t-as="eet_key">
                    <t t-if="eet_key === order.name">
                        <t t-foreach="eet_key_value" t-as="data_key">
                            <t t-if="data_key === 'sale_regime'">
                                <t t-foreach="data_key_value" t-as="regime">
                                    <tr>
                                        <td>
                                            <t t-if="regime === '0'">
                                                Sale regime: Regular
                                            </t>
                                            <t t-elif="regime === '1'">
                                                Sale regime: Simplified
                                            </t>
                                        </td>
                                    </tr>
                                </t>
                            </t>
                            <t t-if="data_key === 'fik'">
                                <tr>
                                    <td style="text-align: center;"><b>FIK</b></td>
                                </tr>
                                <t t-foreach="data_key_value" t-as="code">
                                    <tr>
                                        <td style="text-align: center;">
                                            <t t-esc="code"/>
                                        </td>
                                    </tr>
                                </t>
                            </t>
                            <t t-if="data_key === 'bkp'">
                                <tr>
                                    <td style="text-align: center;"><b>BKP</b></td>
                                </tr>
                                <t t-foreach="data_key_value" t-as="code">
                                    <tr>
                                        <td style="text-align: center;">
                                            <t t-esc="code"/>
                                        </td>
                                    </tr>
                                </t>
                            </t>
                            <t t-if="data_key === 'pkp'">
                                <tr>
                                    <td style="text-align: center;"><b>PKP</b></td>
                                </tr>
                                <t t-foreach="data_key_value" t-as="code">
                                    <tr>
                                        <td style="text-align: center;">
                                            <t t-esc="code"/>
                                        </td>
                                    </tr>
                                </t>
                            </t>
                        </t>
                    </t>
                </t>
            </table>
        </t>
    </t>
</templates>

