<?xml version="1.0" encoding="utf-8" ?>
<odoo>
    <data noupdate="1">
        <record id="playground_cert" model="ir.config_parameter">
            <field name="key">pkcs#12_playground_cert</field>
            <field name="value"></field>
        </record>

        <record id="operational_cert" model="ir.config_parameter">
            <field name="key">pkcs#12_operational_cert</field>
            <field name="value"></field>
        </record>

        <record id="playground_cert_pwd" model="ir.config_parameter">
            <field name="key">pkcs#12_playground_cert_password</field>
            <field name="value"></field>
        </record>

        <record id="operational_cert_pwd" model="ir.config_parameter">
            <field name="key">pkcs#12_operational_cert_password</field>
            <field name="value"></field>
        </record>
    </data>
</odoo>