<?xml version="1.0" encoding="utf-8"?>
<odoo>
    <data noupdate="1">
        <record id="demo_cash_journal" model="account.journal">
            <field name="name">Cash0</field>
            <field name="code">CSH0</field>
            <field name="type">cash</field>
        </record>

        <record id="demo_customer_payment" model="account.payment">
            <field name="amount">9.99</field>
            <field name="journal_id" ref="demo_cash_journal" />
            <field name="payment_method_id" ref="account.account_payment_method_manual_in" />
            <field name="payment_type">inbound</field>
            <field name="name">Draft Inbound Payment</field>
        </record>
    </data>
</odoo>